id,spam,num_mayusculas,contiene_link,num_links,palabras_clave,longitud_texto,caracteres_especiales,remitente_numeros,tiene_adjunto,puntuacion_exclamacion
1,0,6,0,1,2,403,0.06718729211757189,0,1,1
2,1,23,1,8,6,557,0.06668385889912369,1,1,8
3,0,0,1,1,1,678,0.046288956986544054,1,0,1
4,0,4,0,0,1,320,0.07771580940734091,1,1,2
5,0,9,1,1,2,263,0.057816461651583884,0,1,1
6,1,45,0,5,7,571,0.0709694264105465,1,0,14
7,0,9,1,1,0,579,0.048561211346391596,0,0,0
8,0,3,1,1,0,554,0.07583468176388251,0,0,1
9,0,6,1,0,1,474,0.08420243658440942,1,0,0
10,1,14,0,8,7,893,0.02317926309425345,0,1,7
11,0,8,1,1,1,319,0.08496367440168053,0,1,0
12,0,4,1,1,2,783,0.05862668786112766,1,1,1
13,0,3,1,0,1,353,0.08601993181812019,0,1,0
14,0,8,0,0,1,287,0.04881715357069132,0,0,0
15,1,20,1,7,9,1369,0.04411364368447316,1,1,12
16,0,4,0,0,2,290,0.09235546592655003,0,1,0
17,1,33,0,7,7,1734,0.03260523407935612,0,0,19
18,1,40,1,7,3,1826,0.08597910927575288,1,1,5
19,1,22,0,6,5,1075,0.053561851525846374,1,1,13
20,0,8,1,0,2,488,0.05626858982961338,1,1,0
21,1,25,1,4,8,1058,0.037762145334053566,1,1,17
22,0,7,1,0,1,314,0.06157379805571142,0,0,2
23,1,33,1,5,9,1302,0.039269007664859024,0,0,5
24,1,22,1,4,9,1065,0.013534247281748709,1,0,6
25,1,33,1,5,9,1886,0.034479874480992045,0,0,17
26,1,35,0,4,7,766,0.010574113906593161,0,0,12
27,1,11,1,3,7,949,0.0980519308351171,1,1,13
28,1,25,1,9,3,1042,0.09691724888377728,1,1,11
29,1,47,1,8,8,654,0.04556397677250746,0,0,7
30,1,10,1,2,3,607,0.07555337689056814,1,0,11
31,0,3,1,1,0,474,0.04112254885693825,1,0,1
32,0,6,1,0,1,185,0.07039838413773786,1,1,2
33,1,20,0,2,8,849,0.08248870387413812,0,0,10
34,1,44,0,8,3,494,0.09520806202230167,1,1,6
35,1,38,0,3,5,1238,0.04601910482647049,0,1,7
36,0,4,1,0,0,573,0.0804968184660443,0,1,0
37,1,46,1,5,7,877,0.033933560556890695,0,1,15
38,0,9,1,0,0,717,0.09912990734142836,1,0,1
39,0,3,0,0,0,630,0.012319263888791603,1,1,0
40,0,4,0,0,2,146,0.06431759258510089,1,1,1
41,0,4,0,0,2,164,0.06935553834861945,1,0,2
42,0,8,0,0,2,574,0.0719241001366716,1,1,1
43,1,26,1,8,4,1082,0.02083488209101801,0,1,17
44,1,48,0,6,4,1161,0.09446768051258174,0,1,16
45,1,37,1,5,7,589,0.02630649511450745,0,0,17
46,1,38,0,2,9,1110,0.0660478062915857,1,1,14
47,1,12,0,6,7,1907,0.03004084712107765,0,1,14
48,0,8,0,0,1,245,0.03764947753191438,0,0,0
49,1,19,1,4,7,1959,0.0591812687555312,1,0,17
50,1,23,0,6,7,1155,0.04754740767081189,1,1,16
51,0,5,0,1,2,481,0.024420304087885567,0,1,1
52,1,21,1,5,9,1846,0.025384276217876346,0,0,19
53,0,3,0,1,2,165,0.047633030934651974,1,1,1
54,1,39,1,3,8,1235,0.07815546804479506,1,0,9
55,0,1,0,1,1,616,0.09081681821630097,1,1,2
56,1,41,0,4,5,532,0.017571489603344457,1,0,14
57,1,41,1,5,4,454,0.045379351680346104,0,1,8
58,0,2,1,0,1,192,0.019022100735058896,0,0,0
59,0,1,1,0,0,525,0.01149332325693381,1,0,1
60,0,4,0,0,1,567,0.0695546814379561,0,0,2
61,0,5,1,1,1,193,0.0642204497769929,0,0,1
62,0,4,0,0,2,717,0.02467172024333976,1,0,0
63,0,1,1,0,0,232,0.031043154978375773,0,1,1
64,0,4,1,0,0,533,0.012133697828006655,0,1,1
65,0,8,0,1,1,440,0.08514524851249634,0,0,1
66,1,41,1,4,6,909,0.09772215364436963,1,1,6
67,1,35,1,6,4,1069,0.022191358311522174,1,1,8
68,0,3,1,1,2,413,0.03083276923887683,0,1,1
69,1,10,0,2,4,1964,0.08815685715522407,1,1,16
70,1,11,1,5,9,809,0.09338174181605664,1,1,12
71,1,26,0,9,3,1634,0.047766464452612935,1,1,9
72,1,39,1,3,7,1716,0.014556022504216672,0,0,9
73,0,9,0,0,2,690,0.013545265032353747,0,1,0
74,1,48,1,9,7,1386,0.061655487946210945,1,1,17
75,0,1,0,1,2,311,0.04536055980038612,0,1,2
76,1,16,1,9,7,1133,0.012578718481988906,0,0,16
77,1,36,1,8,3,1538,0.062492715308130116,0,1,16
78,1,18,0,6,9,658,0.011017228293012023,0,1,14
79,0,2,1,0,2,619,0.08086347623343457,0,1,2
80,1,31,1,5,5,1545,0.03757895404330344,1,0,7
81,0,2,1,0,1,258,0.01362322027083089,0,1,1
82,1,43,0,3,5,698,0.0629516998884838,0,0,17
83,0,8,0,1,2,367,0.04579159729897493,0,1,0
84,1,10,1,5,9,1804,0.09764203720214346,1,0,12
85,0,3,0,1,0,760,0.058977879625333206,1,0,0
86,0,0,1,1,0,702,0.034771526293330746,1,0,0
87,1,18,1,6,6,960,0.07384949781705773,0,1,10
88,0,0,0,1,1,573,0.034434280228844025,1,0,0
89,1,29,1,5,5,1924,0.09138189622668086,1,0,6
90,1,28,1,4,9,696,0.043724977345663885,1,0,6
91,1,45,0,6,5,761,0.05948817064985848,1,0,13
92,1,49,1,5,7,988,0.0145515793441806,0,1,17
93,1,13,1,8,8,1886,0.048350911415700776,1,1,11
94,1,18,0,2,9,1861,0.08491271856948955,1,1,14
95,1,31,0,5,4,526,0.08250839248270078,0,1,13
96,1,27,0,4,5,596,0.030188670296817363,0,0,18
97,1,21,1,3,5,620,0.030347116390950647,1,1,10
98,1,48,1,8,3,1394,0.08355747809919131,0,0,19
99,1,18,1,3,6,490,0.0937358578152393,1,1,9
100,0,6,0,0,2,509,0.01858248291457032,0,1,0
101,0,6,1,0,2,573,0.05050527754836028,0,1,0
102,1,15,1,9,8,810,0.040370885106780614,1,0,16
103,1,28,1,8,3,407,0.08836196099116954,0,1,5
104,1,16,0,3,7,943,0.01751724232120169,1,1,16
105,1,25,1,2,4,867,0.029001334830223366,0,1,10
106,1,14,1,4,6,719,0.07772215038278449,1,0,10
107,1,25,0,9,3,1817,0.014616446408309404,0,1,7
108,1,10,0,6,9,668,0.05432818426428604,0,1,7
109,1,46,1,3,5,1614,0.049789633121174806,0,0,19
110,0,1,1,1,2,455,0.04009610610898738,0,0,1
111,1,48,0,8,5,460,0.045511508378703144,0,1,7
112,0,8,0,1,2,779,0.05769465282372097,1,1,2
113,1,28,0,4,6,1861,0.024523062254954483,0,1,7
114,1,46,1,5,5,1687,0.06147962904552336,1,0,11
115,0,8,0,0,1,292,0.08248890963699877,1,0,2
116,1,26,1,2,9,1196,0.07841448368111431,1,0,14
117,0,4,1,0,2,798,0.023850991422439634,0,1,1
118,1,35,0,4,3,1518,0.023432452276732654,1,0,15
119,1,31,1,4,3,952,0.0341356930970422,0,1,6
120,0,2,0,0,1,370,0.04249672537069336,1,0,2
121,1,17,0,6,5,1325,0.04676100232676344,1,0,14
122,0,2,1,0,2,213,0.07117274951500108,1,0,0
123,1,42,1,4,5,1893,0.015101238894925187,1,1,17
124,0,2,0,1,2,622,0.013120543380345975,1,1,0
125,0,5,0,1,0,154,0.04527195066495182,0,1,2
126,1,11,1,6,7,1060,0.07274473229241825,1,1,14
127,1,39,0,2,4,1115,0.027409180866083432,1,0,6
128,0,3,1,1,1,164,0.06773540331306266,0,1,0
129,1,29,0,2,6,1178,0.03338453241462695,0,0,7
130,1,27,1,5,3,1937,0.08974774979321648,0,1,14
131,1,19,1,6,6,593,0.09061209498399549,1,1,16
132,0,7,1,0,0,783,0.03675584838531939,1,0,0
133,0,4,0,0,1,371,0.03069943785669165,1,0,2
134,0,0,1,1,2,601,0.04701735748596082,1,1,1
135,0,8,1,1,2,761,0.031647842666213385,1,1,2
136,0,0,1,1,1,461,0.07051454589625333,1,0,2
137,0,5,1,0,0,245,0.0843458216093457,0,0,2
138,0,0,1,1,1,308,0.07057829178200954,0,0,2
139,0,2,0,0,1,385,0.08419154025244145,1,0,1
140,0,9,0,1,2,109,0.04572929459867268,1,0,1
141,1,33,1,6,7,881,0.024068527363797478,1,1,11
142,0,4,1,1,0,285,0.07641558526578329,1,1,0
143,1,13,0,3,3,1759,0.04244270546273986,1,1,7
144,1,46,1,3,7,1858,0.07041437427062193,0,1,11
145,1,13,1,5,7,1619,0.034357954778358915,0,0,13
146,0,9,1,1,1,673,0.01731066713260054,1,0,0
147,0,6,1,0,0,696,0.09933236159389872,0,0,2
148,0,9,0,0,0,563,0.02405813571375394,1,1,0
149,0,7,0,0,1,233,0.0989578894567133,1,0,1
150,1,22,1,2,8,1254,0.09795519393098026,1,0,15
151,0,8,1,0,0,270,0.08144362935172357,0,1,0
152,0,5,0,0,2,312,0.06934806658737978,0,1,0
153,0,8,0,0,2,629,0.06200263452259763,1,1,0
154,0,7,1,1,2,601,0.08794913908400513,0,0,2
155,0,8,1,0,2,671,0.036049556945753916,0,0,0
156,1,34,1,7,5,1672,0.05209130912363894,1,1,14
157,0,9,1,1,0,699,0.06574509724298518,0,1,1
158,1,22,1,3,9,897,0.0470071428282542,0,0,16
159,0,3,0,0,2,126,0.04847378086812412,1,1,1
160,1,27,1,4,8,611,0.0397256200751876,1,0,19
161,0,8,0,1,1,167,0.06078086350160825,0,1,1
162,0,6,1,1,2,507,0.08655170752136045,1,1,1
163,1,33,1,2,6,1064,0.02813755402056816,0,1,15
164,1,11,1,7,9,1069,0.09409897348780973,1,0,8
165,1,42,1,9,6,1889,0.07201788883734067,1,0,11
166,0,4,0,0,1,651,0.08409458914120271,1,1,0
167,1,28,0,4,5,620,0.06005716233670105,1,0,13
168,0,4,0,1,1,208,0.08015650312816572,0,1,2
169,0,0,1,0,2,173,0.011458035760552049,1,1,1
170,1,18,1,8,9,672,0.08365423823015818,1,0,18
171,1,37,0,6,8,1577,0.013612497317682987,1,0,12
172,0,1,1,0,2,677,0.09009220387265762,0,0,1
173,0,9,0,0,0,779,0.0992766472514779,0,0,2
174,1,44,1,2,6,1672,0.036466071595910005,1,1,12
175,1,48,1,8,8,678,0.028928670065721432,1,0,13
176,1,19,1,5,5,1863,0.07888270274722367,1,0,18
177,0,2,0,0,1,361,0.03277237068282279,1,1,2
178,0,7,1,1,2,467,0.08790061448549831,1,1,1
179,0,5,0,0,0,336,0.019255833294172905,1,1,1
180,0,9,1,1,2,465,0.021335967674142246,0,1,2
181,0,4,1,1,2,385,0.0981236399590554,1,0,1
182,0,0,1,1,2,477,0.07064550084430042,1,0,1
183,1,10,1,6,9,1215,0.08621985019860576,1,1,9
184,0,8,0,0,1,760,0.03918964396163663,1,1,0
185,0,2,1,1,2,475,0.0708835374568544,1,0,2
186,0,2,1,0,0,718,0.06348176445777376,1,0,0
187,1,30,0,6,9,675,0.06428351081106523,0,0,18
188,0,1,0,1,2,752,0.07142792135839494,0,0,0
189,0,3,0,0,2,175,0.06178232558161888,0,0,2
190,1,18,0,4,3,1404,0.048615613237239945,0,1,9
191,0,1,1,0,0,108,0.03483304249424922,0,1,0
192,0,8,1,0,0,295,0.07917231978218818,0,1,1
193,0,9,0,0,1,729,0.03036451870028676,1,1,0
194,0,6,1,1,1,389,0.07231188755389728,1,0,2
195,0,7,0,1,1,160,0.0309999540384394,1,1,1
196,1,24,1,8,7,913,0.06627971529590086,1,0,7
197,1,44,1,6,7,1511,0.07723704404161261,1,0,9
198,1,14,0,3,8,1322,0.02968425000158853,1,0,12
199,0,2,1,0,1,488,0.015394897077517747,0,0,1
200,0,5,1,1,0,662,0.02178763686947567,1,0,1
201,0,9,0,0,2,663,0.0645397270543923,0,0,1
202,1,31,1,2,9,1041,0.0864501765603162,0,0,16
203,0,5,0,0,2,733,0.014049713911188193,1,1,0
204,0,0,0,1,2,778,0.07607361331374816,1,0,0
205,1,32,1,3,6,904,0.04071867813550469,1,1,9
206,0,5,1,0,1,107,0.05306755329275704,1,1,1
207,1,16,1,4,8,989,0.09359735948610091,1,0,8
208,1,32,0,7,8,1171,0.0398774354262261,1,0,12
209,1,34,0,9,4,1664,0.05188032405455375,1,1,11
210,0,2,1,0,0,468,0.0112314173284613,0,1,2
211,0,2,1,0,0,144,0.017343884800435454,1,1,1
212,0,2,1,0,0,443,0.03327324320213056,1,1,0
213,0,9,1,0,2,474,0.012506701673896697,0,0,1
214,0,9,0,1,1,718,0.0668237793443426,1,0,0
215,0,7,0,1,0,126,0.04837585211214603,1,0,1
216,0,4,1,1,1,292,0.05933306824552199,0,1,2
217,1,36,1,4,9,1139,0.025718246730669664,1,0,19
218,0,3,0,0,0,456,0.03663388264929546,1,1,1
219,1,15,1,2,7,1074,0.06974420273674527,1,0,18
220,0,8,1,0,1,161,0.09687724512673598,1,1,2
221,0,8,1,0,0,161,0.014537509624198829,1,0,2
222,0,0,1,0,1,521,0.09013458887697395,1,0,1
223,1,43,1,6,9,1659,0.06191930811800877,0,1,18
224,1,18,0,8,5,1413,0.06075276100800614,1,1,10
225,1,42,0,8,8,527,0.05502506816869844,1,1,9
226,1,15,1,5,4,902,0.016245467731376508,0,1,18
227,0,1,1,0,0,732,0.01808891665625446,0,1,2
228,1,46,1,4,4,1623,0.06408208050931775,1,0,9
229,0,7,0,0,0,650,0.04068627142920025,0,1,2
230,0,4,0,1,1,479,0.09255412599199127,1,0,0
231,1,40,0,2,7,1301,0.04659314836235251,1,0,17
232,1,43,1,5,7,942,0.0228953312832377,0,0,14
233,1,38,1,6,7,1925,0.07432469501518324,1,0,6
234,1,23,0,7,5,891,0.03640180792969089,1,0,17
235,1,45,0,4,4,1444,0.05729232766203039,0,1,19
236,1,45,1,7,6,1657,0.0728049506954653,0,1,8
237,1,24,1,2,5,1113,0.09102377000818634,0,0,12
238,1,17,1,7,3,1190,0.08129720753215085,0,0,12
239,0,6,0,0,1,376,0.07087249610854518,1,1,0
240,1,35,1,7,8,815,0.07116698641556293,0,1,15
241,1,45,1,2,7,547,0.09513321796288779,0,0,5
242,0,0,1,1,2,705,0.03662416877468825,0,1,2
243,1,30,0,2,4,1369,0.010100088477656867,0,1,6
244,0,9,1,0,1,530,0.034475910345837885,0,1,1
245,0,4,0,1,0,214,0.029610224166406962,1,0,2
246,1,37,1,4,8,428,0.06956511266025985,0,1,9
247,0,2,1,0,0,787,0.06703404397889762,1,0,1
248,0,9,0,1,1,220,0.06341152444342515,0,0,0
249,0,1,0,1,2,624,0.011461909888850833,0,0,1
250,0,1,1,0,1,515,0.07559002490055827,0,0,2
251,1,13,0,7,9,1784,0.03911773712369424,0,0,13
252,0,8,0,0,0,262,0.06985503901059681,0,1,2
253,1,25,1,5,5,707,0.060092058565193805,0,0,14
254,0,3,0,1,0,787,0.04084578328851165,0,0,2
255,0,3,0,0,2,436,0.022111864039369697,0,0,2
256,0,6,0,0,1,478,0.018497700789443287,1,1,2
257,0,9,0,0,0,423,0.08483664998010013,0,1,1
258,1,31,1,9,3,561,0.09265577878734023,1,1,15
259,1,21,1,2,9,1268,0.06848092420878697,0,1,16
260,0,9,0,1,0,272,0.019309070337443505,1,1,2
261,0,1,1,0,0,163,0.04618244951994167,0,1,0
262,1,25,0,6,5,1251,0.07560452800946416,0,1,17
263,0,2,1,1,1,200,0.08018387956090613,0,0,2
264,0,2,1,1,1,421,0.020639676006197975,1,0,1
265,0,5,1,0,2,165,0.010002764696084418,1,1,2
266,1,49,1,7,5,460,0.07409233412925445,1,0,15
267,1,47,0,2,6,524,0.042093655838758515,1,0,11
268,1,46,0,5,8,1879,0.032903319845643424,0,1,14
269,0,2,0,1,0,656,0.01116077228105729,0,0,2
270,0,4,1,0,0,698,0.05862694660853498,0,0,1
271,1,38,1,8,6,1494,0.08660356618833837,1,1,9
272,1,27,0,4,5,1237,0.09618684816453292,0,0,5
273,1,19,1,7,3,865,0.06091704555519604,1,1,19
274,1,48,1,8,4,642,0.056301519496590485,1,1,19
275,0,3,0,0,2,557,0.0176550746940317,1,0,2
276,1,27,1,2,4,1913,0.059398552138833986,1,0,10
277,0,2,1,1,0,678,0.04419811710688552,1,0,1
278,1,10,1,2,9,1644,0.06464217527952193,0,1,16
279,0,7,0,1,2,552,0.04498537130888921,1,1,2
280,1,48,1,6,8,872,0.03162692111053301,1,1,12
281,1,30,1,6,7,1358,0.018546874770553886,0,0,11
282,1,10,1,7,7,932,0.03834266001300062,1,0,6
283,1,24,1,8,4,893,0.018698035085897707,1,1,16
284,0,9,1,1,2,358,0.025920725574158553,0,0,0
285,1,13,0,9,5,1298,0.09886025427215914,0,0,9
286,0,2,0,1,0,525,0.04996932012159568,0,1,2
287,0,5,1,1,1,277,0.057868458985451496,1,1,1
288,0,6,0,0,1,379,0.08862566758634939,0,0,0
289,0,6,1,1,1,443,0.09960120104416191,0,1,1
290,1,29,0,8,5,481,0.062444300441021346,0,0,18
291,0,1,0,0,1,116,0.08312264389397545,1,1,2
292,0,2,0,0,0,395,0.03942469219030078,0,1,0
293,0,9,1,1,2,301,0.0375169561702562,1,1,1
294,1,19,1,2,6,1255,0.04624333488951042,1,0,15
295,1,32,0,9,8,1278,0.07052565364062843,0,0,8
296,1,43,1,7,6,1945,0.0713972520329589,1,1,13
297,1,42,0,2,7,1322,0.038371549118450574,1,1,14
298,0,9,1,1,2,783,0.021988893172296582,0,1,0
299,0,3,0,1,0,293,0.06691566308189578,1,0,0
300,1,43,1,6,4,411,0.021549327596988806,0,1,5
301,0,6,1,1,1,248,0.06206432574063971,1,1,1
302,0,1,0,1,2,474,0.07240799152506781,1,1,0
303,0,2,1,0,0,134,0.07305503467550065,0,1,1
304,1,48,1,5,9,1686,0.07781248995936371,0,0,16
305,1,19,1,3,5,848,0.08855734794090982,1,0,10
306,0,6,0,0,0,468,0.05499630927683097,1,1,0
307,1,29,1,9,4,1615,0.07572242705766141,0,0,7
308,1,10,1,3,3,1161,0.06572554618292531,1,0,15
309,1,22,0,2,4,1537,0.026797594581791435,1,0,13
310,1,10,0,8,3,425,0.012312068038246735,1,1,9
311,1,14,0,6,6,1922,0.03560872471092404,1,0,17
312,0,6,0,0,1,128,0.04987303357038575,0,0,0
313,1,25,1,4,6,907,0.06553953499857908,0,0,10
314,0,9,0,1,0,320,0.08649633974528849,0,1,0
315,0,2,1,1,2,152,0.027662114503554908,0,1,2
316,1,24,0,4,7,1968,0.02129948109086294,0,0,15
317,0,0,0,0,2,452,0.09671319527268948,0,0,2
318,0,2,1,1,0,491,0.019724010343876643,1,1,1
319,0,4,0,1,2,175,0.05306419630964703,0,1,0
320,1,37,1,3,4,461,0.06270073559139717,1,0,13
321,1,40,0,5,4,628,0.05872369788166945,1,0,13
322,0,6,1,1,0,593,0.01774289413296489,1,1,1
323,1,32,1,3,3,1006,0.015132422260325743,0,1,12
324,1,26,1,2,6,1458,0.019493508471493212,1,0,13
325,1,43,1,5,3,1879,0.06270289154853513,0,1,8
326,1,22,1,4,6,1290,0.058991039887088904,1,0,10
327,0,3,1,0,2,787,0.031036671283306984,1,0,2
328,0,0,0,1,1,621,0.06739967276610324,0,0,2
329,1,23,1,8,3,1925,0.08380607518500845,1,1,9
330,1,20,1,6,6,1160,0.013742106386193439,1,0,9
331,0,5,0,0,2,216,0.054831694919323826,1,0,2
332,0,1,0,1,1,379,0.07203793708924214,1,1,2
333,1,37,1,9,3,994,0.03270807343627184,0,1,8
334,0,2,0,1,1,274,0.03769938147638342,1,0,1
335,1,41,1,6,9,1448,0.06522741126904455,1,0,6
336,1,44,1,2,6,1992,0.09081417640993633,0,1,16
337,0,3,0,0,0,394,0.08289319782726094,1,1,0
338,0,5,0,1,1,550,0.062481719718962526,1,1,1
339,1,40,0,3,8,1455,0.07571995459815244,1,0,10
340,1,26,1,2,3,1435,0.042834022318701884,1,0,13
341,0,5,1,1,2,617,0.0676868975288882,0,0,0
342,1,18,1,9,4,1742,0.05195634320148013,1,1,16
343,0,6,0,1,2,120,0.02709425228118048,0,0,2
344,1,19,1,6,7,400,0.07315644464895314,1,1,5
345,0,4,1,0,1,172,0.06008181736139399,1,0,0
346,0,6,1,1,0,135,0.04227594237582323,1,1,2
347,0,1,1,1,1,606,0.09202052710707677,0,0,1
348,1,17,0,9,8,1858,0.011884070604405994,1,0,18
349,1,30,0,4,8,1559,0.03841958361245464,1,1,11
350,0,0,1,1,2,332,0.015119325799988191,0,1,0
351,1,22,0,6,3,1619,0.07898745845994645,0,0,10
352,0,9,0,1,2,596,0.07318967087024134,0,1,1
353,0,7,0,1,1,305,0.03982169968626854,0,1,2
354,1,14,1,5,7,532,0.07080966119863658,1,0,7
355,1,15,1,8,4,485,0.045634350357635495,1,1,5
356,0,0,0,0,1,525,0.0780628412280191,1,0,1
357,1,39,1,9,8,1899,0.050876529646303556,1,0,17
358,1,40,1,8,4,1747,0.047105175504849904,0,1,8
359,0,1,1,0,1,143,0.0941256923939471,1,1,2
360,0,9,1,1,2,190,0.032579118990163025,1,0,2
361,1,26,1,7,6,1603,0.02084026059969089,1,0,19
362,0,5,0,1,2,569,0.06260888019335124,1,0,2
363,0,0,0,0,2,704,0.0972389631055761,0,0,1
364,1,20,1,6,9,915,0.0440055292354468,1,0,18
365,0,9,0,1,0,566,0.015583308726590337,1,0,1
366,0,2,0,1,2,553,0.040537474057861074,1,1,0
367,1,29,0,6,7,574,0.05553384888876027,0,1,13
368,1,18,0,8,9,1162,0.024573070596899234,0,1,19
369,0,6,0,1,2,694,0.0692291996250843,1,0,0
370,0,7,0,1,0,432,0.09979744501091806,1,1,1
371,1,11,1,7,5,1444,0.05065655283832995,1,0,6
372,1,46,1,5,6,1396,0.041925570105719144,0,0,7
373,1,10,1,3,7,1528,0.04606337501510201,1,1,6
374,1,13,1,9,3,977,0.020363156055568106,1,0,18
375,0,3,0,1,0,606,0.08949462412836015,1,0,1
376,1,45,1,9,9,1866,0.04733430899692168,0,0,6
377,1,34,0,6,3,448,0.044854697028235725,1,0,14
378,0,2,1,1,0,569,0.0693721245637427,1,0,1
379,1,12,0,8,4,927,0.04978300788380113,0,0,15
380,0,0,0,1,0,120,0.06834101219270615,0,1,1
381,1,18,0,2,8,544,0.015530166111770875,1,0,15
382,1,31,1,6,9,1763,0.08323510093500047,0,0,12
383,1,32,1,2,5,1161,0.09464535575914623,1,0,7
384,0,8,0,1,0,327,0.06838888475434474,0,0,2
385,0,9,0,0,0,475,0.09591093359729297,0,1,2
386,1,21,0,5,3,1777,0.023628908293296697,1,1,11
387,0,5,1,0,1,229,0.05296745705323184,1,0,2
388,0,5,1,1,1,786,0.06416260605509026,1,0,1
389,0,8,1,1,1,719,0.06235629826790681,0,0,2
390,0,0,1,1,1,513,0.0461315601180139,1,1,2
391,0,5,1,1,2,170,0.04042759684296353,1,1,0
392,0,4,0,0,0,503,0.021414162029537692,1,1,0
393,1,19,0,6,7,1498,0.045256820550605044,1,1,12
394,1,43,1,9,9,1328,0.024639473359493666,1,0,7
395,0,5,1,0,2,661,0.07609291088429966,0,1,2
396,1,19,1,8,9,1193,0.028794784194513097,1,1,6
397,1,39,0,5,8,718,0.015270877475608048,1,0,17
398,1,31,0,5,8,1510,0.059712952403551095,0,0,17
399,1,15,1,3,7,1976,0.06357067594474615,1,1,12
400,0,7,1,0,0,706,0.0884721755152455,1,1,2
401,1,11,0,6,8,1097,0.06192834511759138,1,1,7
402,1,39,1,2,3,1246,0.04109327683511012,1,1,11
403,0,4,1,0,0,496,0.08227106933736886,1,0,2
404,0,1,0,1,2,436,0.058625100386867905,0,0,1
405,1,11,1,2,7,1182,0.01713522561680726,0,1,16
406,1,41,1,6,7,441,0.06092655042819221,0,1,5
407,1,25,1,7,4,1516,0.09172166908794963,1,1,18
408,1,21,1,3,5,1930,0.04566813629483986,0,1,19
409,1,10,0,3,9,928,0.03666932217098201,1,1,16
410,1,17,1,3,4,1688,0.022912251131621805,1,0,10
411,0,1,1,1,1,743,0.023630096974182162,1,0,0
412,1,22,1,2,5,691,0.04894943359076371,0,0,16
413,1,24,0,5,7,1368,0.06361118417453766,0,1,16
414,0,9,0,1,2,604,0.017255386465264158,0,1,0
415,0,4,1,0,2,375,0.09456117301226492,1,0,0
416,0,2,0,1,0,112,0.07796202557006764,0,0,2
417,0,9,1,1,0,102,0.06279615264552965,1,1,1
418,1,17,0,8,9,1887,0.08455948038450918,0,0,17
419,1,19,0,7,8,1983,0.017216808113090197,0,1,13
420,1,14,0,9,5,496,0.0529154989959812,1,1,16
421,1,28,0,3,7,1518,0.06670838141754971,1,0,7
422,1,47,1,2,7,1749,0.08457876155064603,0,0,18
423,1,20,0,2,4,473,0.0805122604044341,0,0,11
424,0,2,0,0,0,323,0.03493623247420597,0,1,0
425,1,29,1,9,4,1759,0.0946792152603284,1,1,17
426,0,7,0,0,1,274,0.021191125728778334,1,0,0
427,0,6,0,0,2,484,0.0887620256759037,0,1,1
428,1,29,1,5,8,1491,0.09738462246441568,0,1,10
429,0,0,0,0,2,701,0.025943817090036306,1,1,2
430,1,30,0,9,6,1157,0.07498594577834068,0,0,12
431,0,4,1,0,1,340,0.013625696690019862,1,1,2
432,1,27,1,6,3,1500,0.046488054262523955,1,0,7
433,0,8,0,1,2,646,0.05646549692779067,1,0,0
434,1,19,1,6,6,607,0.062258070331867074,1,1,7
435,1,43,1,8,6,1644,0.09423435234237036,1,0,8
436,1,35,1,9,9,1685,0.07050256185647753,1,1,7
437,1,39,0,8,9,809,0.053315015609731335,0,0,13
438,1,18,0,3,8,730,0.08287075326393004,1,0,15
439,0,3,0,1,2,113,0.0955479538858968,1,1,0
440,0,0,0,0,0,294,0.011985953381406176,0,0,1
441,0,7,1,1,1,496,0.09842691450304349,1,0,0
442,1,40,1,8,9,743,0.01775189251573123,0,0,8
443,0,4,1,1,0,530,0.08329481013418852,1,1,1
444,1,13,1,3,5,1388,0.03523012772962713,0,1,10
445,1,15,1,7,8,1170,0.02189616919784846,0,0,12
446,0,1,1,1,1,405,0.04958700757424515,1,0,0
447,0,0,1,1,0,433,0.06795609215028522,1,0,0
448,1,23,0,8,8,473,0.04428566605211276,1,1,15
449,0,2,1,0,2,509,0.014910886745442907,1,1,0
450,1,13,0,5,7,653,0.0639515025692845,0,0,17
451,1,35,0,3,7,1358,0.09121629484996073,0,1,12
452,1,48,1,5,7,1219,0.04448938293525266,0,1,19
453,1,26,0,2,3,1385,0.029469949986774435,1,1,9
454,1,28,1,3,5,731,0.04983196113395339,0,1,9
455,0,8,0,1,1,102,0.01435264399439028,1,0,2
456,0,0,1,1,1,790,0.08384388260322474,1,1,1
457,1,15,1,2,5,1821,0.08437067298551681,0,1,10
458,1,38,0,4,7,1768,0.06292004170866657,1,0,14
459,0,3,1,1,0,651,0.04177926000445506,0,0,1
460,0,7,1,0,1,551,0.08198050280012051,1,1,2
461,1,20,1,5,6,1146,0.05992183223095306,0,1,11
462,0,7,1,1,2,775,0.08433390776950146,1,0,2
463,1,25,1,4,3,1235,0.06683129133247186,0,0,17
464,0,9,0,0,2,594,0.08059649258915176,0,0,2
465,1,39,1,3,6,854,0.0638706693895984,1,1,17
466,0,7,1,0,2,516,0.047272696139409966,1,1,1
467,1,34,1,2,4,1538,0.09621512739335239,0,0,14
468,0,9,1,0,0,490,0.05870024423909603,1,1,0
469,0,7,0,0,1,472,0.06445805666864846,1,0,2
470,1,49,1,3,5,712,0.029843887547327433,1,1,18
471,0,3,0,1,0,727,0.06630857104845489,0,0,2
472,1,20,1,4,5,1417,0.06144468845346496,0,0,11
473,0,7,1,0,2,151,0.026635455815232245,1,1,2
474,1,16,1,9,6,627,0.015362838761782936,1,1,17
475,0,8,0,0,1,475,0.0643923387743294,0,1,0
476,1,35,1,9,3,1233,0.07873230424152886,1,1,8
477,0,6,0,0,2,494,0.057106123382980746,0,1,0
478,1,31,1,3,5,1257,0.030409536278768114,1,1,10
479,0,1,1,0,1,241,0.06998697790237315,1,0,2
480,1,34,0,7,6,1668,0.017209515394864202,1,1,11
481,1,28,1,6,8,1217,0.04976503343217592,0,0,9
482,1,40,1,4,8,1949,0.02470300825585782,0,0,9
483,0,8,1,0,1,185,0.026601314595389502,0,1,0
484,1,35,0,3,9,1417,0.02820645542423833,0,0,6
485,0,7,1,1,0,563,0.04480363513395802,1,0,2
486,1,45,1,2,3,927,0.014603518505835788,1,1,11
487,0,4,1,0,1,145,0.04580140968361884,0,1,0
488,1,32,1,3,6,1349,0.05605367024032308,1,1,16
489,0,2,0,1,2,337,0.05349648564696927,1,0,1
490,0,6,1,1,1,109,0.04445056903627366,0,1,1
491,1,22,0,9,9,826,0.08552319472636773,1,1,10
492,0,1,1,0,2,763,0.023079402317845374,1,1,0
493,0,2,1,1,0,672,0.05551270694032366,0,1,1
494,1,34,0,2,8,441,0.015583727526089887,1,0,15
495,0,8,1,1,2,629,0.016404011099011878,1,1,1
496,0,3,0,1,1,697,0.061647926470938676,1,0,1
497,0,3,0,0,2,748,0.06094165823990389,0,1,2
498,1,11,1,6,3,864,0.08902301615600113,0,0,5
499,0,2,0,0,2,739,0.060208630809406596,1,0,0
500,1,11,0,3,9,677,0.09638119183643652,1,0,8
501,0,4,1,0,1,715,0.01438253635599368,1,1,0
502,0,2,0,0,2,797,0.018820691630266697,0,0,0
503,0,8,1,0,1,277,0.013965927541334326,0,1,1
504,1,25,1,8,7,1235,0.026674916530018605,0,1,7
505,0,2,0,0,0,105,0.05871430998475104,1,1,2
506,0,1,1,0,2,406,0.06810149632846853,1,1,0
507,1,18,0,9,3,418,0.014102664215380194,1,1,16
508,0,4,0,1,0,647,0.09513738008610394,1,0,1
509,1,37,1,8,4,465,0.0857948838985343,1,1,19
510,1,22,1,6,7,566,0.036695123394138385,0,0,7
511,0,5,1,1,2,426,0.016946877720382118,1,0,2
512,1,44,1,4,9,1419,0.025289836589715155,1,0,11
513,0,0,0,0,2,455,0.02142499723794754,1,0,2
514,1,22,0,2,6,802,0.02109554013690522,0,0,15
515,1,40,1,8,7,808,0.056670551979916065,1,0,16
516,0,5,1,1,0,494,0.03212626982440603,0,0,0
517,1,30,1,7,7,511,0.042232574487623006,0,1,14
518,1,41,0,4,9,1697,0.09905548000458902,0,0,8
519,1,43,1,2,6,1830,0.07158828240328104,0,1,19
520,1,17,0,9,6,1796,0.09540826003423013,0,0,16
521,1,11,1,9,8,996,0.022830089952980408,1,0,12
522,0,9,1,0,2,399,0.04439255273493124,1,0,0
523,1,47,1,9,4,1050,0.05992586229541189,0,0,15
524,0,2,1,0,2,625,0.01690822556998642,0,1,1
525,1,41,1,6,6,1462,0.010376869926516208,0,1,13
526,0,3,1,0,0,384,0.07033909004172258,1,1,0
527,0,5,1,1,2,429,0.06776375651212918,1,0,1
528,1,49,0,8,5,504,0.046970992899965064,0,0,7
529,1,37,0,9,5,723,0.054067966842882946,1,0,9
530,1,46,0,5,4,1391,0.04738987005328807,1,1,8
531,0,7,1,0,1,149,0.012160454036039998,0,0,2
532,1,10,0,9,3,1837,0.040183444559571624,0,1,18
533,0,8,1,0,2,721,0.025937402985756086,1,1,2
534,0,5,1,0,2,477,0.018858177019123186,1,0,2
535,0,6,0,0,2,699,0.09610483905004148,1,0,2
536,1,19,1,3,9,828,0.06394237525379491,0,1,16
537,1,13,1,6,3,1034,0.07557906558129425,0,1,14
538,0,4,0,1,0,637,0.03838273689395058,0,1,0
539,0,8,0,0,1,243,0.04538324165446137,1,0,0
540,1,44,1,2,5,1129,0.031323159450705115,1,0,19
541,0,3,0,1,1,159,0.01872691038688823,0,0,1
542,1,19,1,2,6,1288,0.026112847369742544,1,0,10
543,0,9,1,1,2,174,0.08177626407668373,0,0,1
544,1,20,1,2,4,1484,0.07097912246653983,1,0,15
545,0,5,0,0,0,102,0.05922359883869293,0,1,1
546,1,23,0,2,3,1730,0.052758088558009134,1,1,14
547,0,4,0,0,0,674,0.09301908552905121,1,1,1
548,1,47,1,3,3,1777,0.016546145300080157,0,0,8
549,1,21,1,4,9,792,0.03525407319141244,0,1,12
550,0,0,0,1,1,547,0.04149440682136427,0,0,1
551,0,4,0,1,0,374,0.08041832309915091,0,0,2
552,1,26,1,7,7,603,0.09932631581457743,0,1,7
553,0,4,1,1,2,629,0.03166034632814378,1,0,2
554,1,25,0,5,5,657,0.08868766007233726,0,1,15
555,0,8,1,1,2,691,0.08475604843886123,0,1,2
556,1,44,1,3,6,885,0.030219165787758996,0,0,9
557,1,11,0,2,4,1940,0.04593993221793004,0,1,17
558,1,20,1,3,3,845,0.04687055823632673,0,1,5
559,1,12,1,6,9,1603,0.09803986016739025,1,1,17
560,1,38,0,7,7,1423,0.02628027112410085,0,1,19
561,1,27,1,2,5,741,0.08192421739943039,0,0,10
562,0,0,0,0,0,314,0.04007734427557989,0,1,1
563,0,4,1,1,2,782,0.07577833111985444,1,1,2
564,0,6,0,1,1,584,0.04780099038660966,1,1,2
565,1,29,1,5,5,532,0.06205237868048861,0,0,15
566,1,23,1,2,9,842,0.08493505959935181,0,1,9
567,1,43,1,7,4,652,0.08237490084854958,1,0,12
568,1,40,0,5,3,664,0.08797808651857301,1,1,13
569,0,5,0,1,2,428,0.015365559281019313,1,1,2
570,0,5,1,1,0,354,0.07228454977357704,0,1,2
571,1,49,0,7,4,492,0.02259886390495866,0,0,12
572,0,6,1,0,1,486,0.047423671121657,1,0,0
573,0,5,1,0,2,225,0.05937295735492197,0,0,1
574,1,27,1,5,9,1834,0.046246553627214776,1,0,12
575,0,4,0,0,1,683,0.05676505082227068,1,0,1
576,1,39,1,4,9,537,0.09968736779187573,1,0,16
577,0,9,0,1,0,649,0.02216955823415693,0,1,0
578,1,34,1,8,4,1631,0.07079104408027831,1,0,18
579,1,28,1,4,8,1401,0.045640086974705375,1,1,17
580,1,17,1,3,7,1996,0.021970881901659592,0,0,7
581,1,37,1,3,5,706,0.024286308703687857,1,0,8
582,0,4,1,1,2,423,0.09543457956210552,0,0,2
583,1,17,0,9,8,665,0.08916413470405858,1,1,19
584,1,40,1,5,6,1045,0.09163377643735197,0,0,15
585,1,12,1,9,5,717,0.0992379498244648,1,0,8
586,0,8,1,0,2,303,0.02874838510076662,1,1,2
587,1,12,0,9,5,1536,0.041989540362765566,1,1,19
588,0,7,1,0,1,271,0.07022971269323801,1,1,2
589,1,31,0,2,7,1300,0.05354222858745826,1,1,19
590,0,9,0,1,2,316,0.047655058004050024,0,0,1
591,0,3,1,0,2,344,0.04220301244020338,0,1,1
592,1,26,1,8,6,1801,0.0634402568749107,1,0,18
593,0,3,1,1,2,435,0.06180340857760739,1,0,1
594,1,45,1,6,3,853,0.02453120506578161,1,1,15
595,1,26,0,6,6,590,0.05245658537665952,0,0,9
596,1,23,1,2,3,1863,0.059812459858886495,0,1,17
597,0,9,0,1,2,397,0.06132582448582515,1,0,1
598,0,4,0,1,0,281,0.028909647362111664,0,1,1
599,1,18,1,2,6,1610,0.07680442530270581,1,1,13
600,1,39,1,4,4,1230,0.012267918533896267,1,1,16
601,0,2,0,1,2,433,0.04193486699888464,1,1,0
602,1,30,1,6,9,1790,0.08021913836820702,0,1,13
603,1,21,0,5,6,1512,0.06075036289498622,1,1,14
604,1,46,1,7,8,586,0.03350461892597743,1,0,17
605,0,7,1,1,1,610,0.0725457807408743,1,0,1
606,0,6,0,1,0,482,0.061065184974046616,0,0,2
607,0,4,0,0,1,298,0.08166192485107485,0,1,1
608,1,41,1,9,8,1218,0.0761522667570841,0,0,16
609,1,20,1,3,7,1420,0.06490971298326112,1,1,18
610,1,29,1,9,9,531,0.05393599077797327,0,0,5
611,0,9,0,0,1,431,0.02198639131007711,1,0,0
612,1,44,1,9,9,1271,0.03351997160968454,0,1,18
613,1,20,1,7,3,1034,0.04771895256253768,1,0,18
614,1,17,1,4,5,1983,0.06393693583057498,0,0,12
615,1,13,1,6,7,1799,0.05623370696937744,1,0,18
616,0,2,1,0,1,264,0.03593660733635766,0,1,2
617,0,4,1,1,0,341,0.01058179220107395,0,0,0
618,1,36,1,9,8,1090,0.054661529971073264,0,1,5
619,0,2,1,0,0,741,0.03570633897060188,1,0,2
620,0,9,0,1,0,326,0.07611474706394816,0,0,1
621,1,49,0,8,8,1091,0.012155163874343514,0,0,6
622,1,47,1,2,3,1522,0.06263450301752119,0,0,11
623,0,4,0,1,2,733,0.09473268137554589,0,1,0
624,1,39,1,8,8,1457,0.025696834040034956,1,0,19
625,0,0,0,1,1,655,0.05244845416755359,0,1,2
626,1,36,1,8,8,981,0.018227979263542436,1,1,12
627,0,5,1,1,0,550,0.06631137210352174,1,0,1
628,1,30,1,6,3,570,0.059547851253660314,1,0,5
629,0,9,0,0,1,295,0.046662897179154915,1,1,2
630,0,3,1,0,0,303,0.056923931932636715,0,1,0
631,0,3,1,0,0,557,0.09069171926221092,1,0,0
632,1,29,1,5,8,1789,0.027666487207996034,1,0,19
633,0,7,0,1,0,356,0.012030806053481252,1,0,0
634,0,1,0,0,1,628,0.0875498396229191,1,0,0
635,1,13,0,4,5,1183,0.061940537414911595,0,0,7
636,1,20,1,9,4,1482,0.09015926099156582,0,1,11
637,0,3,1,0,2,371,0.06372507010718553,1,0,1
638,0,1,1,0,0,108,0.08291449809637323,1,0,2
639,1,22,1,9,7,580,0.04867060270196332,1,1,17
640,1,18,0,9,5,418,0.07748739381594419,0,0,13
641,1,13,1,2,5,1649,0.09217373202008704,0,0,12
642,1,21,1,7,4,1896,0.06149106673499857,0,1,12
643,1,18,1,5,9,1518,0.026270663550614158,0,0,19
644,0,0,0,1,0,300,0.034191785352717836,0,1,1
645,1,22,1,7,7,1280,0.02787801192076652,1,0,13
646,0,9,0,0,0,158,0.03221713248361596,0,0,0
647,0,2,0,1,2,492,0.03757739044159328,0,0,2
648,0,7,0,0,1,751,0.05996204080778697,1,1,0
649,1,35,1,3,5,1720,0.06291924665174495,0,1,14
650,0,5,0,1,1,218,0.048384977251767505,0,1,1
651,0,6,1,0,1,652,0.0653878701838752,0,1,1
652,1,47,0,4,8,574,0.017341743305022934,1,0,7
653,0,1,1,0,1,498,0.0179009413352344,0,1,1
654,0,5,1,0,0,430,0.02546465143218926,1,1,2
655,1,22,1,5,4,1645,0.056626974823631035,1,1,12
656,0,7,0,1,2,366,0.029259521082848225,0,0,2
657,0,7,1,0,0,619,0.03549559631433196,0,0,0
658,0,3,1,0,2,794,0.04602815525556947,0,1,2
659,1,48,1,5,9,453,0.08306795116093418,0,1,5
660,1,37,1,9,7,1094,0.01124759223215741,1,0,12
661,1,28,1,7,6,1262,0.06844409382129603,0,1,17
662,0,5,1,1,1,579,0.07019888779366168,1,1,2
663,0,4,1,1,2,233,0.0818790202320973,1,1,1
664,1,33,1,2,3,1826,0.09394776451542819,1,1,11
665,0,8,1,1,0,792,0.011812406405436085,1,0,0
666,0,7,1,1,0,454,0.023840533496189458,1,0,1
667,1,28,1,3,8,1741,0.08975541646503937,0,0,17
668,1,22,1,9,4,748,0.05126667059683139,1,1,19
669,0,1,1,0,1,683,0.06081315750401172,1,1,0
670,0,6,0,0,0,597,0.06967244833508326,0,0,0
671,0,6,1,1,0,724,0.07111599440460736,0,0,2
672,1,22,1,9,3,842,0.09385663629848574,1,0,12
673,1,37,1,9,9,1232,0.09972544756705028,1,1,5
674,1,11,0,7,9,979,0.07481417148378462,0,0,10
675,1,19,1,5,6,1963,0.035849908828463575,1,1,11
676,0,0,1,0,2,206,0.08917771620649093,0,1,1
677,1,31,0,4,5,681,0.014429882308668545,0,0,18
678,1,22,0,5,5,759,0.03079727675870466,1,0,15
679,1,18,1,6,7,1314,0.09076471457173434,0,1,9
680,1,42,1,4,4,1222,0.03305723629954195,1,0,18
681,1,23,1,9,4,1291,0.029858595365957363,1,0,9
682,0,0,1,1,0,389,0.022431276382622253,1,1,2
683,0,3,1,0,1,728,0.08732005818822249,0,1,2
684,1,29,1,4,9,1352,0.05500524332719781,1,1,11
685,0,4,1,1,1,731,0.07074038827487393,0,1,2
686,1,24,1,5,7,1040,0.031515974566752675,1,1,19
687,1,41,1,2,3,1431,0.07822363789100949,1,0,15
688,0,3,1,0,0,246,0.07840049904658887,0,1,0
689,0,6,0,1,1,426,0.038133822241747016,1,1,1
690,1,42,1,9,5,962,0.04696143697092546,1,1,19
691,1,26,1,4,5,890,0.028872124968718077,0,0,7
692,1,33,1,6,9,740,0.0978904920990614,0,1,10
693,0,2,1,1,2,514,0.06810423193525705,0,1,1
694,1,39,1,7,4,871,0.0941089492643964,1,1,11
695,1,22,0,2,9,648,0.03730469892662199,0,0,5
696,1,25,0,2,4,634,0.08037018216972008,0,1,16
697,0,6,1,0,2,309,0.07892727794962678,1,1,2
698,1,11,1,2,7,1506,0.07224900866798875,0,1,6
699,1,26,1,4,6,1516,0.09690750777401204,1,0,16
700,0,7,0,0,0,395,0.045419980249568406,1,0,0
701,1,41,1,2,3,1817,0.021764559123078158,0,0,8
702,1,17,1,5,8,1223,0.07045379733196547,1,0,17
703,0,5,1,0,0,497,0.07563788204294856,0,1,1
704,1,12,1,2,6,1691,0.06175545161129333,0,1,12
705,0,5,0,1,2,202,0.028613610382005668,0,0,1
706,0,7,1,0,1,735,0.05540103475024199,0,0,2
707,1,21,1,6,6,1840,0.03809707629122165,1,1,15
708,1,29,1,9,4,1031,0.04847198753500202,1,1,17
709,1,25,0,9,4,928,0.06806967182601975,0,0,18
710,1,23,1,3,4,1676,0.07706932684217511,0,0,14
711,0,7,0,1,0,607,0.030900222181120887,1,0,0
712,1,25,0,6,6,521,0.04647928245822581,0,0,10
713,0,6,1,0,0,308,0.03422454138924663,1,1,2
714,1,42,0,4,9,1291,0.02787684524756822,0,0,5
715,1,39,1,2,3,409,0.08050484979962545,1,0,14
716,1,21,1,2,9,1739,0.09183274249932932,1,1,9
717,0,5,1,0,1,527,0.04332089671161191,1,1,1
718,1,24,1,5,4,1237,0.07761510319363903,0,1,11
719,1,27,1,7,5,1696,0.09072957604279701,0,1,19
720,1,37,1,2,9,1729,0.08615117894772084,0,1,17
721,1,32,1,8,3,1633,0.026453204968530333,0,0,10
722,0,5,1,1,0,492,0.09606626933620252,0,0,0
723,1,23,1,6,5,1152,0.04390087963865163,1,0,17
724,0,9,0,1,1,208,0.04053165950564527,1,1,2
725,0,5,1,0,1,447,0.015618819455000231,1,0,1
726,0,7,1,1,1,149,0.05375562886943948,1,1,2
727,0,0,0,1,1,204,0.019811225407683583,1,0,2
728,0,4,1,0,1,519,0.03236858388346834,1,0,2
729,0,2,1,1,2,472,0.03852483595905533,1,1,0
730,1,39,1,4,3,1285,0.08279436911425157,0,1,17
731,0,7,0,0,1,126,0.08879397853563069,1,0,1
732,0,5,0,0,2,372,0.037221968571532274,0,0,1
733,0,1,1,1,1,748,0.08728283091201165,1,0,1
734,1,42,1,9,4,863,0.0871507843632812,1,0,16
735,1,24,1,3,9,1111,0.07881858553463862,0,0,13
736,0,6,0,0,0,439,0.023202560261366342,1,1,1
737,1,16,1,2,8,1127,0.07212905622106561,0,1,12
738,0,6,1,1,2,400,0.09505216581225119,1,1,0
739,0,4,1,0,0,579,0.07142864308904415,0,1,2
740,1,24,1,3,7,1116,0.03984551641970506,1,0,19
741,0,7,1,1,1,643,0.05505213856877482,0,0,1
742,1,47,0,2,4,1839,0.06811525390159483,0,1,8
743,1,20,1,4,6,1639,0.055951336785565325,1,0,17
744,0,4,0,1,1,656,0.020795764755787285,1,1,0
745,0,0,1,1,0,364,0.03808576401868186,0,0,2
746,1,38,0,7,8,479,0.08221564274982693,1,0,15
747,0,8,1,1,1,641,0.08752762414859658,0,0,0
748,0,3,1,1,0,695,0.022357002944401322,1,1,0
749,0,1,0,0,1,265,0.09571480771588523,0,1,1
750,1,40,0,6,6,879,0.039594035606374846,1,1,16
751,1,34,1,9,3,1301,0.06960823648576481,0,1,9
752,0,3,0,0,1,415,0.07766426313610131,1,0,1
753,1,33,1,4,6,1290,0.08307516111740951,0,0,11
754,1,28,1,3,8,1970,0.09511747320033372,0,0,12
755,1,11,1,2,8,417,0.03816275932259404,1,0,9
756,1,31,0,3,4,1588,0.08726558090963991,1,1,13
757,1,29,0,6,5,1948,0.021851821309258633,0,0,18
758,0,8,1,1,2,100,0.07345368157182335,0,0,2
759,0,1,1,0,0,360,0.07677799565625873,0,0,2
760,0,3,1,1,1,162,0.07099509170811885,0,1,1
761,1,42,1,8,4,601,0.03270832625216377,1,1,14
762,1,17,0,9,3,1140,0.0885738832313683,0,1,16
763,0,1,0,1,0,582,0.025197261703335555,0,0,0
764,1,34,1,4,6,1769,0.014827131236874777,0,1,8
765,0,4,0,0,2,775,0.0745718491550721,1,0,1
766,0,2,0,0,0,420,0.05279281437094604,0,0,2
767,0,9,1,1,2,300,0.08641882179628085,1,0,0
768,1,18,0,3,5,1789,0.04450574269524331,1,1,8
769,1,43,1,3,9,1871,0.025145072965694154,1,1,17
770,0,1,0,1,0,321,0.08527979732228828,1,0,0
771,0,8,1,1,0,251,0.059401866847606455,1,0,0
772,0,4,0,1,2,743,0.027027621315131943,1,1,1
773,0,9,1,1,1,725,0.07483455987278012,1,1,1
774,1,32,0,6,7,1936,0.05600022746405506,0,1,12
775,1,14,1,8,8,718,0.0643881684016288,0,0,5
776,0,4,1,1,1,561,0.05148085043859238,1,0,2
777,0,0,0,0,1,316,0.08458380854362058,0,0,0
778,1,34,1,2,5,616,0.08466064441147449,0,1,12
779,1,17,1,8,9,1457,0.07384499396419476,1,1,9
780,0,5,0,1,0,295,0.019486123965681605,0,1,0
781,0,6,0,1,0,301,0.0854968475713662,1,0,1
782,0,0,1,0,1,746,0.07039116824796189,0,0,2
783,1,25,1,3,5,665,0.07273217494038696,1,1,17
784,1,24,1,6,4,1123,0.042668455636348454,1,0,18
785,1,10,0,2,9,1174,0.08913516005413061,0,1,15
786,0,8,1,1,0,333,0.07528344402113718,0,0,2
787,0,7,1,1,0,240,0.0201331419876275,1,1,0
788,1,31,0,8,7,1503,0.046700023096554646,1,0,5
789,1,12,0,9,8,812,0.08977423257641276,1,0,8
790,0,7,1,0,1,597,0.01424770315276411,0,1,1
791,1,47,1,8,3,1675,0.09652749576778447,0,1,6
792,1,23,0,9,3,1435,0.07112463114876065,0,1,8
793,0,6,1,1,2,654,0.0668238379879039,0,1,0
794,1,45,0,8,5,800,0.03435033308391923,1,1,12
795,0,4,1,0,0,156,0.032391260986525935,1,0,1
796,0,2,1,1,0,603,0.0947852397539736,1,1,2
797,0,8,1,0,0,241,0.03684452088107105,1,1,0
798,0,6,1,0,0,683,0.07979547670470995,0,1,0
799,0,9,1,0,2,638,0.04538096183863713,1,0,0
800,0,9,1,1,1,739,0.022532866370623357,1,1,2
801,0,7,0,1,0,205,0.010964376792582305,0,1,0
802,1,27,1,7,9,1123,0.05898316033137258,0,1,9
803,0,5,1,0,1,264,0.09782009366940395,1,0,2
804,0,4,1,0,0,314,0.043222257442828406,0,0,1
805,1,27,1,2,5,681,0.04214731005937404,1,1,5
806,1,12,0,8,6,1535,0.040968245606449794,0,0,11
807,1,19,0,7,7,1122,0.056848945357437265,0,1,5
808,0,7,0,1,2,170,0.04965983950818643,1,0,2
809,1,48,1,4,8,1801,0.08919231640543131,0,1,13
810,0,2,1,1,1,764,0.055496871255114134,1,0,1
811,0,6,0,1,2,678,0.055698205436971196,0,1,2
812,0,1,0,1,0,189,0.022453443524850097,0,1,2
813,0,2,1,1,2,327,0.09844655868193475,0,0,0
814,1,10,1,6,5,1150,0.032497560178194676,0,1,7
815,1,36,0,8,6,667,0.01660276607136424,0,1,16
816,0,1,0,0,2,178,0.0696831624077688,1,1,2
817,0,4,0,1,0,707,0.06358297331411854,0,1,0
818,0,6,0,0,0,448,0.04736310885934712,1,0,1
819,1,36,1,9,9,697,0.04799730104926103,0,1,7
820,0,9,0,1,1,345,0.08065575289417881,1,0,1
821,0,9,0,0,0,371,0.027614137608968414,0,0,0
822,1,20,0,2,7,1740,0.08382279870504009,1,0,19
823,1,14,1,9,8,969,0.06838724025055164,1,0,19
824,0,0,0,0,1,502,0.0477072796401572,0,1,1
825,1,16,1,7,3,908,0.05122257549254818,0,1,10
826,1,28,1,7,6,945,0.033098248646748624,0,0,14
827,0,9,0,1,2,768,0.07769028994272774,1,1,2
828,1,38,1,4,9,1174,0.05615872680747411,1,0,10
829,0,8,0,0,2,215,0.03887690884748593,0,1,0
830,1,24,0,9,7,764,0.06364451041848553,0,1,17
831,0,0,1,0,1,534,0.09961610068461908,1,1,0
832,0,0,0,0,0,629,0.049173605169089855,1,0,0
833,0,9,0,0,0,541,0.09286222607007577,0,0,1
834,1,44,0,5,6,946,0.041051515593210956,1,1,15
835,0,7,0,1,2,271,0.014925943623248731,0,0,1
836,1,46,0,6,5,670,0.0283817895731586,0,0,15
837,0,5,0,0,1,115,0.04768256289949158,0,1,2
838,0,5,0,1,2,155,0.029767143573511214,1,0,2
839,1,21,1,9,4,1897,0.010020433439642998,1,1,10
840,0,8,1,0,2,690,0.09235013839727746,1,1,0
841,0,3,1,1,0,202,0.08594914701078361,1,1,2
842,1,39,1,5,3,1138,0.07680630083382524,0,0,17
843,0,7,0,1,1,383,0.02510331360814258,1,1,1
844,0,3,0,1,2,616,0.020832721858898746,0,1,2
845,0,1,1,0,0,717,0.016084427452514483,0,0,1
846,0,7,1,1,2,377,0.07516262698956291,0,0,2
847,1,29,1,2,5,936,0.09359271646190968,1,0,5
848,1,46,0,6,5,1657,0.048748223882173335,0,0,9
849,0,6,1,1,2,711,0.020722660479644335,0,1,1
850,1,12,1,9,9,458,0.056115353865889596,1,0,16
851,0,3,0,0,0,368,0.041394871671276715,0,0,1
852,1,18,1,4,9,1674,0.0437342431914998,1,0,10
853,0,8,0,1,0,499,0.06591975617401366,1,0,2
854,0,8,0,0,1,602,0.07468463019359821,1,1,2
855,0,7,0,0,2,185,0.019954323898584477,0,0,1
856,0,0,1,1,1,419,0.013203120772582875,1,1,0
857,0,6,1,0,0,131,0.09948972724171434,1,0,2
858,0,4,0,0,0,435,0.03094555140239967,1,1,1
859,1,48,1,2,7,485,0.014844747241761318,1,1,12
860,0,6,1,0,2,150,0.027088779618632798,0,0,2
861,1,35,0,6,9,1162,0.01350620617136178,1,1,17
862,0,8,1,1,1,178,0.045262980515545455,0,0,2
863,1,11,1,9,6,789,0.08221616060061919,1,1,5
864,1,32,1,9,3,1603,0.04071200047819486,0,1,9
865,1,32,1,6,5,1118,0.04997650661905299,1,1,7
866,0,1,0,0,1,797,0.0708028096210695,0,0,2
867,0,3,1,0,2,273,0.05580046630628922,1,1,2
868,1,30,1,5,7,1255,0.08753011174191919,0,0,6
869,0,3,1,0,2,717,0.0879432107541181,0,1,2
870,1,25,1,2,3,548,0.010891962594203828,0,1,15
871,0,1,0,1,1,600,0.08002416758348793,1,1,0
872,1,18,0,4,9,982,0.051466024021750656,0,1,12
873,1,22,1,4,9,520,0.09899564871732969,0,1,11
874,0,2,0,0,0,674,0.05349088682878917,0,1,0
875,1,37,0,2,6,1164,0.09882063508494678,0,0,14
876,0,7,1,1,0,175,0.07791124250851629,1,0,0
877,1,36,1,2,9,1004,0.03237443961519757,0,0,11
878,1,26,0,7,5,655,0.0584555481358262,0,1,9
879,0,8,0,0,2,415,0.09929220755307246,0,0,1
880,0,5,0,1,1,472,0.08717775469767314,1,1,0
881,0,9,1,1,1,180,0.0187630204412099,0,0,0
882,1,47,1,3,8,1165,0.07357347971289965,0,0,16
883,0,1,1,1,1,739,0.04110216272837318,0,1,1
884,1,45,1,9,5,1263,0.01062840356923133,0,1,17
885,1,10,1,5,5,1199,0.04631328721242997,1,0,13
886,0,1,1,0,0,794,0.031127897955247417,0,0,0
887,0,6,0,0,0,796,0.08369823434684244,0,0,2
888,1,27,1,2,9,1732,0.0403597547961189,1,0,9
889,1,18,1,2,3,458,0.08447713245584354,1,1,6
890,0,7,1,0,1,170,0.010053814495131578,1,0,0
891,0,7,0,1,1,765,0.037703723502350725,0,1,0
892,0,5,0,0,2,751,0.03170486928769858,1,1,0
893,0,9,1,0,2,170,0.031021062496174992,0,0,2
894,0,7,0,1,1,145,0.016136795778891645,1,1,2
895,1,22,1,3,9,1421,0.026841184336945156,0,0,7
896,1,49,1,3,3,1492,0.0599994612897058,1,1,8
897,1,24,1,6,3,1869,0.036222496555397006,0,1,19
898,1,13,0,8,3,787,0.04756553040962332,1,0,9
899,0,0,0,0,1,146,0.043918019231246976,0,1,2
900,0,8,0,0,0,690,0.08883144324999051,0,1,2
901,0,0,0,1,1,521,0.0914769099109464,0,0,1
902,1,42,1,4,7,1509,0.05436612744902741,0,1,17
903,1,33,0,5,4,1185,0.0397140355284044,0,1,7
904,0,2,0,1,2,248,0.019612063360212727,0,0,2
905,0,8,0,0,0,229,0.09580625914438856,0,0,2
906,1,45,1,6,9,1650,0.01542042504102677,0,1,16
907,1,19,1,2,7,992,0.036788524981145244,1,1,18
908,0,4,0,1,2,555,0.03682595810530038,0,1,2
909,0,8,0,0,2,738,0.038836115752619346,0,0,2
910,1,45,0,9,5,1607,0.02478581589451684,1,1,11
911,0,8,1,0,0,730,0.08048452878313275,0,1,1
912,0,5,0,0,2,604,0.02102480757693903,1,1,0
913,0,0,0,0,1,343,0.06714159932378466,0,1,0
914,1,29,1,3,7,1745,0.021146142403523572,1,1,9
915,1,20,1,7,6,1308,0.016348207383366092,1,1,9
916,1,21,1,4,8,1741,0.0918486553317289,0,0,10
917,1,27,1,6,3,965,0.027111588968683514,1,0,11
918,1,39,1,7,9,798,0.0839125139103734,0,1,14
919,1,46,0,4,6,1298,0.05901677839964223,0,1,14
920,1,29,0,8,9,1716,0.017007086764789264,0,0,12
921,0,9,0,0,2,573,0.09599033722942608,0,0,2
922,0,6,0,1,0,481,0.03222650502927033,1,0,2
923,0,5,1,1,0,202,0.08736808108173459,0,1,2
924,0,8,1,0,0,588,0.025192900520610777,1,1,0
925,0,6,1,1,2,136,0.08685485939276676,1,1,0
926,0,3,1,1,1,753,0.01119059316147646,0,1,2
927,0,6,1,0,0,648,0.056060241091253266,0,0,0
928,1,34,1,8,8,692,0.07924983214794011,0,0,13
929,1,21,1,7,6,884,0.09413159657435051,0,0,15
930,0,1,1,1,1,619,0.09182819225858384,1,0,1
931,0,5,1,1,0,432,0.08376623825928804,0,1,2
932,1,30,0,3,9,1870,0.08993722146951737,1,1,8
933,0,5,0,0,1,496,0.027929771725336887,0,0,2
934,0,1,0,0,1,395,0.03557658661405559,0,0,1
935,1,34,0,6,5,1202,0.036007167242895266,0,0,9
936,0,3,0,0,1,206,0.0439348537901529,0,0,1
937,1,20,1,6,3,1835,0.04539886033466699,1,0,19
938,0,7,1,0,0,629,0.0590099792189208,1,1,0
939,1,18,0,8,6,1931,0.024389178702979727,0,1,9
940,1,34,1,4,5,1289,0.07221219974073904,1,0,12
941,1,44,1,7,3,643,0.025080988537405584,1,0,13
942,0,7,0,0,2,182,0.03792776338940928,0,0,1
943,1,41,1,3,4,1843,0.05530106175455387,0,1,11
944,0,7,1,0,2,387,0.08167965053711296,1,1,2
945,0,7,0,0,2,560,0.07655223099148546,1,1,0
946,0,0,1,1,1,314,0.068098092076947,1,0,1
947,0,1,0,0,0,380,0.024019593452215316,1,1,0
948,1,23,1,2,5,1359,0.059234081105402,0,0,19
949,1,10,1,6,7,1577,0.01787018516198969,0,1,9
950,0,3,1,1,1,558,0.04396268591169857,1,1,0
951,0,8,1,1,0,443,0.04721648772609633,0,1,0
952,1,26,0,9,9,1215,0.013583029550117845,1,0,7
953,0,2,0,0,1,293,0.03465892895229747,1,0,0
954,1,34,1,2,3,1847,0.09600845205398405,0,1,5
955,0,5,1,1,0,257,0.09582693470467206,1,0,1
956,0,6,1,1,0,564,0.04170943488272854,1,0,2
957,1,17,1,3,6,672,0.013879009805349165,0,0,15
958,0,7,1,1,0,203,0.02611854453953634,0,0,2
959,1,14,1,8,8,919,0.04529960140901862,1,0,13
960,0,6,1,0,1,133,0.09530017281723069,1,0,1
961,0,2,0,1,2,201,0.022707915718346645,0,0,2
962,0,5,1,1,1,738,0.07871642593013911,1,1,0
963,1,14,0,9,6,1551,0.019781428543722286,1,0,9
964,0,4,0,0,1,424,0.09831318196521492,0,0,0
965,0,9,1,1,0,790,0.04434548491982215,0,1,0
966,0,3,1,1,0,691,0.07977110850091504,0,1,1
967,0,0,0,1,2,240,0.04083319745300187,0,1,0
968,1,44,0,6,7,1796,0.06649019894429278,0,1,13
969,1,28,1,6,9,967,0.02728144762660331,0,0,14
970,0,6,0,1,2,573,0.02314189173672663,1,1,0
971,1,32,1,7,7,1037,0.09442577256113183,1,1,19
972,0,7,0,1,0,130,0.09258825501139901,0,0,1
973,0,1,1,0,2,162,0.08987220461915942,0,0,0
974,0,6,0,1,2,659,0.06628901051499342,1,0,0
975,1,18,0,9,6,558,0.08274413900946505,1,1,16
976,1,39,1,2,9,1994,0.016213324322023742,1,0,17
977,1,25,1,8,8,1993,0.04013101377016113,0,1,18
978,1,42,0,7,3,1051,0.03823328122814407,0,0,8
979,1,11,0,5,9,575,0.06720807897573519,1,0,9
980,1,23,1,2,5,1019,0.042036199612357654,0,1,8
981,1,10,1,2,9,610,0.023365610347931276,0,0,6
982,1,35,1,5,7,846,0.06368203678721894,0,0,16
983,1,34,0,3,7,985,0.08329455286021734,1,0,5
984,0,5,1,0,0,186,0.04439111450139759,1,0,2
985,1,25,1,9,7,566,0.021904184358863356,0,0,12
986,1,24,1,9,8,859,0.027701937758154077,0,1,8
987,1,35,0,3,9,1315,0.03137349746524456,0,1,9
988,1,25,0,6,9,1780,0.036990783369508264,0,0,10
989,1,23,1,4,4,1727,0.06785155634556783,0,1,18
990,1,38,0,7,8,1656,0.06408509360839472,1,1,12
991,1,33,1,4,3,1750,0.07264718754103353,0,1,15
992,1,24,1,6,3,1605,0.04262517860783619,0,0,12
993,1,28,0,9,3,1757,0.08415978866919806,0,0,11
994,1,17,1,4,3,1452,0.028367889504018425,1,0,8
995,1,43,1,2,3,1113,0.05221366727663386,1,1,10
996,0,4,0,1,1,403,0.08208448493872873,0,1,1
997,0,3,0,0,2,160,0.026214278295935735,1,0,0
998,1,11,1,2,6,1516,0.019887680236670466,1,0,8
999,1,36,1,5,7,1240,0.08953155709191908,1,1,19
1000,0,1,1,0,0,495,0.04086366964832763,1,1,0
